RegionID,RegionName,State,Jan,Feb,Mar,Apr,May,Jun,Jul,Aug,Sep,Oct,Nov,Dec
102001,United States,US,95,98,84,72,67,67,69,71,75,77,77,83
394913,"New York, NY",NY,140,147,148,139,119,115,117,121,129,133,138,137
753899,"Los Angeles-Long Beach-Anaheim, CA",CA,86,89,70,64,62,63,65,67,68,70,69,74
394463,"Chicago, IL",IL,114,122,117,77,72,74,77,81,85,92,95,101
394514,"Dallas-Fort Worth, TX",TX,77,77,63,59,57,57,59,61,70,74,74,80
394974,"Philadelphia, PA",PA,103,110,106,85,81,78,81,83,86,90,85,88
394692,"Houston, TX",TX,96,98,89,75,71,72,70,75,83,90,94,98
395209,"Washington, DC",DC,94,91,66,56,56,60,63,68,71,71,70,78
394856,"Miami-Fort Lauderdale, FL",FL,109,109,105,101,105,101,99,98,104,99,99,97
394347,"Atlanta, GA",GA,86,84,64,64,61,62,64,66,71,73,76,81
394404,"Boston, MA",MA,90,100,75,65.5,63,64,65,70,72,70,69,77
395057,"San Francisco, CA",CA,70,47,42,42,41,43,45,49,53,48,49,61
394532,"Detroit, MI",MI,91,96,89,71,62,62,65,67,75,79,81,80
395025,"Riverside, CA",CA,90,95,82,77,70,68,72,72,76,75,75,80
394976,"Phoenix, AZ",AZ,72,72,62,61,58,58.5,58,56,53,53,53,56
395078,"Seattle, WA",WA,85,76,55,43,42,43,48,51,56,54,57,65
394865,"Minneapolis-St Paul, MN",MN,86,85,66,58,56,56,58,61,63,66,69,75
395056,"San Diego, CA",CA,83,83,63,58,56,56,57,59,61,63,63,65
395121,"St. Louis, MO",MO,93,95,75,58,57,57,58,60,61,64,64,69
395148,"Tampa, FL",FL,82,89,83,76,76,75,71,71,71,63,65,74
394358,"Baltimore, MD",MD,106,111,105,82,72,75,82,86,91,91,92,95
394530,"Denver, CO",CO,75,61,49,48,48,48,53,56,60,59,62,69
394982,"Pittsburgh, PA",PA,102,113.5,106,77,69,69,68,69,74,79,76,84
394998,"Portland, OR",OR,92,87,64.5,53,51,52,56,62,65,68,75,80
394458,"Charlotte, NC",NC,81,82,67,58,56,60,60,62,64,66,66,70
395045,"Sacramento, CA",CA,80,79,55,49,46,48,52,54,55,57,59,65
395055,"San Antonio, TX",TX,85,87,70.5,66,64,63,63,67,74.5,79,83,90
394943,"Orlando, FL",FL,88,91,82,77,70,75,73,71,73,66.5,68,72
394466,"Cincinnati, OH",OH,84,88,74.5,63,58,60,61,62,64,67,67,70
394475,"Cleveland, OH",OH,95,103,84,70,63,63,64,66,67,73,72,79
394735,"Kansas City, MO",MO,78,77,66,55,52,56,55,56,59,61,63,68
394775,"Las Vegas, NV",NV,79,82,71,67,70,66,69.5,74,74,75,75,81
394492,"Columbus, OH",OH,77,84,67,57,54,54,55,55,58,61,63,69
394705,"Indianapolis, IN",IN,78,85,75,61,56,56,58,60,63,64,68,73
395059,"San Jose, CA",CA,71,50,43,43,43.5,46,49,55,55,54,55,62
394355,"Austin, TX",TX,85.5,83,58,50,53,54,56,60,63,70,70,73
395194,"Virginia Beach, VA",VA,102.5,105,97,77,73,71,71,76,76,79,83,81
394902,"Nashville, TN",TN,84,85,71,66,61,61,62,62,66,66,70,74
395005,"Providence, RI",RI,101,114,111,85,75,70,74,75,78,80,80,83
394862,"Milwaukee, WI",WI,92,96,72,67,63,62,63,65,66,68,70,78
394714,"Jacksonville, FL",FL,94,98,85.5,74,70,72,74,74,83,84,84,87
394849,"Memphis, TN",TN,71,73,65,59,58,61,58,56.5,61,64,63,67
394935,"Oklahoma City, OK",OK,86,89,74,68,60,61,62,64,66,72,69,72
394807,"Louisville-Jefferson County, KY",KY,77,79,71,63,58,58,60,62,63,67,67,70
394669,"Hartford, CT",CT,108,119,115,85,77,74,75,81,85,87.5,89,97
395022,"Richmond, VA",VA,89,95,71,64,61,60,61,64,67,70,69,67
394910,"New Orleans, LA",LA,98,104,88,87,78,74,77,80.5,86,87,88,89
394425,"Buffalo, NY",NY,100,113,111,95,83,79,81,81.5,85,88,94,92
395012,"Raleigh, NC",NC,75,77,62,59,57,57,58,60,63,68,67,70
394388,"Birmingham, AL",AL,101,97,75,67,65,66,64,66,73.5,75,74,87
395053,"Salt Lake City, UT",UT,69,67,56,46,44,45,47,49,53,53,56,60
395031,"Rochester, NY",NY,95,105,83,72,70,70,69,70,74,76,78,82
394640,"Grand Rapids, MI",MI,71,76,63,52,45,48,52,56,60,63,64,71
395167,"Tucson, AZ",AZ,71,74,64,64,62,62,60,58,60,59,55,60
753924,"Urban Honolulu, HI",HI,81,91,82,83,85,79,80,80,82,81,90,82
395169,"Tulsa, OK",OK,105,111,96,78,65,65,67,69,69,74,74,70
394619,"Fresno, CA",CA,79.5,74,68,61,57,60,58,60,60,64,64,66
395238,"Worcester, MA",MA,94,109,92,71,67,66,69,70,74,72,75,81
394415,"Stamford, CT",CT,134,133,139.5,113,101,94,92,99,111,110,125,117
394312,"Albuquerque, NM",NM,92,93,78.5,66,60,60,60,62,66,73,70,72
394308,"Albany, NY",NY,119,122,139.5,122,89,90,88,91,98,100,100,111
394938,"Omaha, NE",NE,74,82,65,56,54,53,54,55,53,57,56,61
394908,"New Haven, CT",CT,112,115,126,97,83,78,81,85,89,94,97,90
394357,"Bakersfield, CA",CA,88,83,70,65,63,64,66,64,73,70,69,76
394753,"Knoxville, TN",TN,85,93,77,67,63,60,61,64,65,62,73,70
394653,"Greenville, SC",SC,87,85,82,64,62,59,64,67,70,71,78,84
394952,"Ventura, CA",CA,82,87,69,63.5,61,60,66,64,66,71,73,78
394318,"Allentown, PA",PA,96,103,108,89,73,74,70,75,80,77,80,84
394561,"El Paso, TX",TX,119,112,116,91,85,76,71,76,74,81,89.5,89
394367,"Baton Rouge, LA",LA,103,112,108,90,79,79,79.5,84,85,82,94,104
394521,"Dayton, OH",OH,100,93,92,73,63,62,63,63,68,70,71,73
394843,"McAllen, TX",TX,120,96,98,91,111,98,88,93,95,100,97,96
394486,"Columbia, SC",SC,85,82,73,68,66,65,62,66.5,66,71,71,76
394648,"Greensboro, NC",NC,90,95,70,67,61,60,62,62,62,64,61,70
394304,"Akron, OH",OH,85,89.5,83,62,61,58,59,62,65,66,68,70
753906,"North Port-Sarasota-Bradenton, FL",FL,95,106,99,96,101,101,112,106,102,82,84,87
394798,"Little Rock, AR",AR,99,113,84,84,76.5,74,74,73,72,77,81,78
395134,"Stockton, CA",CA,83,88,71,56,56,57,59,62,66,63,68,70.5
394457,"Charleston, SC",SC,99,105,86,74,76,81.5,82,84,90,93,91,92
395143,"Syracuse, NY",NY,107,113,112,98,80,79,82,79,89,90,92,93.5
394484,"Colorado Springs, CO",CO,71,65,49,46,45,47,46,49,51,55,53,55
395235,"Winston-Salem, NC",NC,91,96,61,58,60,62,59,61,58,62,57,68
395224,"Wichita, KS",KS,76,93,71,59,57,58,55,55,56,59,60,64
395115,"Springfield, MA",MA,98.5,109,99,80,72,69,69,72,75,73,72,80
394440,"Fort Myers, FL",FL,113.5,119,107,104,106,107,115,121,121,112,109.5,103
394399,"Boise City, ID",ID,77,77,57,51,48,48,49,50,53,55,56.5,63
395160,"Toledo, OH",OH,93,104,85.5,74,60,56,62,64,66,69,73,73
394816,"Madison, WI",WI,95,103,74,63,63,63,62,63,63,68.5,73,75
394766,"Lakeland, FL",FL,89,91.5,86,83,82,83,82,76,74,62,72,77
394931,"Ogden, UT",UT,67,63,51,48,46,46,48,48,49,52,53,60
394528,"Daytona Beach, FL",FL,94,98,84,81,87,83,81,82,85,84,85,87
394531,"Des Moines, IA",IA,92.5,99,103,82,70,68,69,67.5,76,77,79,87
394711,"Jackson, MS",MS,123,108,87,73,75,73,69.5,72,78.5,83,71,89
395245,"Youngstown, OH",OH,102,103,113,94,73,70.5,70,74,77,77.5,84,90
394352,"Augusta, GA",GA,86,90,85.5,71,69,63,63,66,71.5,79,82,78
395075,"Scranton, PA",PA,119,146,123,135,106,79,89,90,92,99,97.5,111
394666,"Harrisburg, PA",PA,85,98,87,77,67,66,67,68,69,72,69,73.5
394957,"Melbourne, FL",FL,86,93,87,76,77,75,78,72,79,78,73,71
394460,"Chattanooga, TN",TN,81.5,77,76,71,62,60,60,62,63,65,70,73
395113,"Spokane, WA",WA,78,69,53,48,45,48,50,52,55,57,62,66
395006,"Provo, UT",UT,70,68,54,49,50,50,54,55,59,57,65,67
394768,"Lancaster, PA",PA,83,86,79,67,64,63,63,68,66,68,66,73
394871,"Modesto, CA",CA,83,84,64,60,57,51,57,56,59,59.5,60,64
394997,"Portland, ME",ME,82,105,98,71,64,58,57.5,65,68,70,73,77
394549,"Durham, NC",NC,84,85,57,49,53,56,57,58,69,67,66,81
395068,"Santa Rosa, CA",CA,92,90,57,46,45,47,51,53,57,60,65,72
394792,"Lexington, KY",KY,84,95,76.5,63,57,57,57,57,64,68,68,74
394761,"Lafayette, LA",LA,157,138,116,98,101,89,92,88,91,99.5,123,101
394770,"Lansing, MI",MI,103.5,99,97.5,70,62,60,62,63,67,71,69,85
394590,"Fayetteville, AR",AR,84,77,72.5,70,64,64.5,63,68,68,74,76,79
394971,"Pensacola, FL",FL,86,92,76,73,66,65,67,71,69,78,79,76
395195,"Visalia, CA",CA,82,80.5,64,66,61,66,70,56,64,69,73.5,69
395096,"Shreveport, LA",LA,128.5,131,134,90,102,93,89,92,95,96,96,97
395116,"Springfield, MO",MO,92,83,70,65,56,54,59,53,58,62,61,68
395244,"York, PA",PA,87.5,102,103,71,63,65,67,68,74,74,75,81
394502,"Corpus Christi, TX",TX,130,119.5,104,87,77,82,84,84,90,94,107,110
394596,"Flint, MI",MI,88,82,88,78,65,64,62,65,68,74.5,74,86
395019,"Reno, NV",NV,93,96,94,69,56,55,60,65,72,78,79,88
394338,"Asheville, NC",NC,108,121.5,116,72,65,70,78,79,81,93,91,91
394995,"Port St. Lucie, FL",FL,90,98,101,92,99,96,90,88,97,96,87,82
753917,"Santa Maria-Santa Barbara, CA",CA,93,106,73,83,70,74,62,73,75.5,76,81,82
394698,"Huntsville, AL",AL,79,91,76,61,59.5,60,62,60,66,68,62,72
394612,"Fort Wayne, IN",IN,67,68,63,51,50,48,52.5,55,55,57,56,60.5
395050,"Salinas, CA",CA,87,96,76,70,61,64,67,81,75.5,69,70,80
395183,"Vallejo, CA",CA,77,69,58,51,49,50,54,52,54,59,58,63
394870,"Mobile, AL",AL,111,100,112,83,75,73,77,80,82,85,86,88
395015,"Reading, PA",PA,89,94,98,80,70.5,65,70,73,74,76,79,80
394421,"Brownsville, TX",TX,114,107,124,133.5,94,81.5,92.5,87.5,116,108,100,105
394746,"Killeen, TX",TX,88,79,73,60,62,60,61,61,63,64,65,73.5
394439,"Canton, OH",OH,76,94,79,62,58,55,60,62,62,64,61,70
394372,"Beaumont, TX",TX,86,75,87.5,84,72,70,70,69.5,77,77,71,97
394820,"Manchester, NH",NH,76,84,73,58,56,57,55,60,60,63,62,63
395048,"Salem, OR",OR,83,78,67,62,55,56,61.5,65,67,69,74,78
394327,"Anchorage, AK",AK,133,122,125,78,72,69,74,78,84,88,97,113
394520,"Davenport, IL",IL,96,105,118,85,71,75,76,70,70,72,76,91
394972,"Peoria, IL",IL,111,135,137,102,92,77,77,80,90,91,99,111
394898,"Myrtle Beach, SC",SC,106,110,107,84,83,88,91,102,101,109,114,107
394875,"Montgomery, AL",AL,115,124,89,75,81,80,81,84,80,76,98,86
395051,"Salisbury, MD",MD,141,129,136,118,100,98,97,105,110,107,109,111
394658,"Gulfport, MS",MS,106,104,88,92,85,81.5,80,85,96,99,100,100
395146,"Tallahassee, FL",FL,98,88,79,65,67,66,67,71,76,84,80,78.5
395164,"Trenton, NJ",NJ,119,121,123,101.5,95,100,102,111,110,119,121,125
394589,"Fayetteville, NC",NC,121,97,103,81,75,69,81,73,87,82,79,95
394679,"Hickory, NC",NC,97,92,84,64,64,57,70,61,67,70,76,71
394697,"Huntington, WV",WV,145.5,129,104.5,139,114,117,101,91,101,109,94,119
394576,"Eugene, OR",OR,83,86,59,56,52,49,54,54,55,64,67.5,64
395033,"Rockford, IL",IL,79.5,99,91,79,62,59,60,62,64.5,66,71,80
395070,"Savannah, GA",GA,91,95,83,80,78,73,80,75,76,81,92,93
394332,"Ann Arbor, MI",MI,90,73,64,56,54,57,61,64,63,76,77,82
394927,"Ocala, FL",FL,97.5,98,88,84,94,87.5,87,84,79,91,79,91
394732,"Kalamazoo, MI",MI,92,105,92,77.5,67,65,66,65,69,75,77,84
394901,"Naples, FL",FL,131,129,133.5,128,133,140.5,150,149.5,154,151,132,123
395107,"South Bend, IN",IN,80,96,84,60,59,62,57,61,58,62,65,69
395109,"Spartanburg, SC",SC,71,80,60.5,62,58,64,66,63,69,66,81,81
394579,"Evansville, IN",IN,86,88,87,73,59,55,63,59,66,67,64,68
394747,"Kingsport, TN",TN,110,120,129,97,86,70,72,69,74,79,88,87
395028,"Roanoke, VA",VA,94,102,92,76.5,64,63,69,65,71,71,75,80
394646,"Green Bay, WI",WI,97,105,98,71,68,61,64,65,70,75,72,70
394796,"Lincoln, NE",NE,76,79,73,66,54,53,54,54.5,57,59,63,68
394602,"Fort Collins, CO",CO,88,87.5,60,56,56,53,54,61,70,83,82,92
395179,"Utica, NY",NY,125,127.5,154,140.5,133,95,86,97,101,105,110,110
394488,"Columbus, GA",GA,99,102,77.5,83,75,65,68,76,59,72,76,78
394405,"Boulder, CO",CO,97,84,52,55,55,53,60,64,72,70,76,84
394808,"Lubbock, TX",TX,95,105,78,70,65,71,57,62,59.5,80,68,76
394572,"Erie, PA",PA,136,140,154,123,86,81,82,74,82,89,91,105
394609,"Fort Smith, AR",AR,101,115,98,100,89,85.5,89,72,95,80,89,96
394543,"Duluth, MN",MN,115,134,135,74,70,61.5,61,69,77,77,81,86
394348,"Atlantic City, NJ",NJ,138.5,134,145,135,127,115,114,133,121,132,128,130
394924,"New London, CT",CT,115.5,117,127,99,88,77,88.5,87,93.5,101,99,100
395061,"San Luis Obispo, CA",CA,81,91,83.5,67,66,69,67,75,74,82,78,96
394622,"Gainesville, FL",FL,101,82,67,61,69,68,66,72,74,81,72,80
395065,"Santa Cruz, CA",CA,90,106,69,51,55,51,58,59.5,72,73,70,87.5
394471,"Clarksville, TN",TN,80,76,72,65,63,59,61,60,67,68,66.5,74
394447,"Cedar Rapids, IA",IA,93,97,87,75.5,59,63,60.5,65,66.5,70.5,70,83
394851,"Merced, CA",CA,107,119.5,100,71,80,75,79,79,78,84,71,84
395229,"Wilmington, NC",NC,95,95,84,66,71,66,67,75,76,82,79,75
394741,"Kennewick, WA",WA,80,70,58.5,55.5,50,50,54,53,57,62,67,79
394645,"Greeley, CO",CO,78,69,63,53,55,54,55,60,63,64,69,77
395197,"Waco, TX",TX,88,98,59,62,53,61,58,59,71.5,78,70,78.5
394937,"Olympia, WA",WA,75,72,60,45,45,43,49,48,49,51,55,55
394323,"Amarillo, TX",TX,123,104,90,80,78,67,72,71,83.5,83,77.5,96.5
394387,"Binghamton, NY",NY,130,107,140,146,84,85,83,93.5,108,113,115,101
394660,"Hagerstown, WV",WV,99,101,104,81.5,75,70,74,74,83,87,82,88
394412,"Bremerton, WA",WA,72.5,86,57,46,46,48,47,51,53,56,59.5,60
394772,"Laredo, TX",TX,,,,,,,,84,91,80,70,90
394811,"Lynchburg, VA",VA,105,114,111,79,63.5,68.5,78,70,80,75,69,79
395240,"Yakima, WA",WA,76,81,66.5,59,56,55,53.5,57.5,63,63,58,70
753875,"Crestview-Fort Walton Beach-Destin, FL",FL,107,98,104,80,77,79,75,79,78,83,85,81
395161,"Topeka, KS",KS,80,86,63,68,53,54,56,57,60.5,59,56.5,63
394813,"Macon-Bibb County, GA",GA,91,89.5,69,77,62,79,78,76,69,100.5,90.5,100
394454,"Champaign-Urbana, IL",IL,122.5,129,147,101,76,80.5,76,82,87,98,100,104
395171,"Tuscaloosa, AL",AL,90,91,85,69,73,71,69,70,78,76,83,95
394483,"College Station, TX",TX,118,112,84,75,76,72,72,76,86,82.5,106,109
395103,"Sioux Falls, SD",SD,98,105,88,74,68,65,61,69,67.5,67,78,78
394455,"Charleston, WV",WV,105,144,139,133,109,101,101,108,101,93,95,110.5
394334,"Appleton, WI",WI,78,88,67.5,68,60.5,62,57,61.5,61,61,65,63
394464,"Chico, CA",CA,42,47,46,49,46.5,45,55,56,64,65,69.5,83
394459,"Charlottesville, VA",VA,98.5,109,125,67,74,84,81,85,94,90,92,99
394468,"Claremont, NH",NH,,137,161,139,111,97,82,92,96,101,113,116
394361,"Barnstable Town, MA",MA,118.5,131,136,104,84,91,88,91,107,105,101,100
394803,"Longview, TX",TX,116,113.5,118,89,95,77,78,75,68,85,89.5,106
394429,"Burlington, VT",VT,103,102,120,90,76,79,75,69,77,74.5,72,80
395002,"Prescott, AZ",AZ,88,105.5,83,72,68,70,75,75,77,80,74,90
395114,"Springfield, IL",IL,112,112.5,106.5,92,69.5,76,65,70.5,73,82,83,86
395174,"Tyler, TX",TX,82.5,102,87,66,62,64.5,62,61,66,78,75,88.5
394773,"Las Cruces, NM",NM,110,125,100,91,76,83.5,74,75,89.5,76,77,85.5
394585,"Fargo, ND",ND,111,140,130,94,88,72,75,79,89,83.5,97.5,98
394691,"Houma, LA",LA,115,156,128,98,98,99,111,95,99.5,113,113,133
395030,"Rochester, MN",MN,96,106.5,75,57,67,64,68,64,68,68,70,76
394597,"Florence, SC",SC,105,120.5,92,90.5,112,93,85,82,91,99,89,90
394848,"Medford, OR",OR,89,104,76,72,65,62,76,72,77,84,93,84
753895,"Lafayette-West Lafayette, IN",IN,73,76,75,56,53,55,55,54,53.5,56,60,60
394378,"Bellingham, WA",WA,82.5,88,57,49.5,47,46,51,55,55,63,61,71
394765,"Lake Havasu City, AZ",AZ,86,81,84,83,74,81,81,75,70,65,69.5,75
395047,"Saginaw, MI",MI,96,99,98,77,63.5,63,62,68,64,70,74,77
394763,"Lake Charles, LA",LA,105,109,76,91,90,91,84,90,90,102,89,99
394726,"Johnson City, TN",TN,94,116,87,96,74,63,72,67.5,71,82,79.5,70
394565,"Elkhart, IN",IN,79,79,76,67,55,59,54,56,58,58,64.5,67
395247,"Yuma, AZ",AZ,84.5,114,102,75,76,82,74,78,80,76,74,78
395011,"Racine, WI",WI,85,77,91,69,62,60,60,59,63,65,63,75
394346,"Athens, GA",GA,92,106,74,71.5,69,65,70,71.5,79,68.5,77,81.5
395162,"Torrington, CT",CT,145.5,153,146,161,128,95.5,84,97,118,112,113,122
395118,"St. Cloud, MN",MN,106,84,78,72.5,65,60,66,71,71,77,80,88
394681,"Hilton Head Island, SC",SC,120,126,115,108,101,96,107,111,116,113,112,108
753869,"Bloomington, IL",IL,112,126,125,90,74,79.5,79,83,93,87,105,98
394680,"Hilo, HI",HI,93,112,109,117,111,117,117,113,142,110,104,103
394960,"Panama City, FL",FL,83.5,70,70,65,58,66,74,75,78,70,71,79
394748,"Kingston, NY",NY,146,137,161,195,117.5,101,104,98,120,122,135,123
394519,"Daphne, AL",AL,111,112,108.5,92,85,77,84,91,108,102.5,112,95.5
394623,"Gainesville, GA",GA,101,105,55,73,72,69,70,78.5,74,75,90.5,81
395202,"Warner Robins, GA",GA,101,92,69,62,62,66,69,76,70,78,70,76
394392,"Blacksburg, VA",VA,93.5,85,69,71,63,62,67,63,69.5,69,56,83
394716,"Jacksonville, NC",NC,92,86,60,56,59,61,62,68,73,76,82,78
395018,"Redding, CA",CA,83,94.5,89,70,56,62,74,74,79,74,78,83
394872,"Monroe, LA",LA,117,135,125.5,147,86.5,86,93,91,123,106,138,155
394729,"Joplin, MO",MO,93.5,92.5,124,86,76,64,78,69,78,81,80,87
394559,"El Centro, CA",CA,86,77,76,75,69.5,75.5,70,66,62,70,64,69
395151,"Terre Haute, IN",IN,,137,134,109,81,70,69,63,70,68,82,85.5
394896,"Muskegon, MI",MI,86,89,94,71,68,62,62,58,62,69,64,72
394553,"East Stroudsburg, PA",PA,112,121,124,113,102,78,81,83,96,101,112,112
395102,"Sioux City, IA",IA,78,98.5,105,80.5,60,62,62,56,55,63,68,74
394651,"Greenville, NC",NC,129,114.5,98,69,71,64,61,68,64,68,89,100
395210,"Waterloo, IA",IA,91.5,95,112,91,66,63,68,73,76,85,78,84
394944,"Oshkosh, WI",WI,,82,77,71,63,56,60,56,63,60,60,68
395246,"Yuba City, CA",CA,84,67,48,58,51,52,53,56,59,62,63,65
394299,"Abilene, TX",TX,86,69,65,71,71,69.5,67,71,67,75,76,70
394485,"Columbia, MO",MO,110,136,121,73,70,68,70,65,79,83,90,95
394539,"Dover, DE",DE,95,103,112,79,84,75,81,88,82,86.5,91,91
394555,"Eau Claire, WI",WI,97,103,70,66,66,60,61,61,64,67,70,70
394720,"Janesville, WI",WI,76,93,76.5,60,57.5,57,56,61,64,65,64,70
394710,"Jackson, MI",MI,111,106.5,99.5,79.5,67,57,68,66,76,73,78,82
395009,"Punta Gorda, FL",FL,86.5,93,96,93,104,114,99,106,97,75,71,79
394393,"Bloomington, IN",IN,102,89,78,87,67.5,66,64,65,63,73,73,84
395007,"Pueblo, CO",CO,68,73,78,59,51,51,56,55,54,63,66.5,67
394386,"Billings, MT",MT,126,132,95,70,63,63,64,66,73.5,83,79,90
394406,"Bowling Green, KY",KY,119,123.5,130,83,88,71,80,84,85,93,96,91
394380,"Bend, OR",OR,106,99,72,79,61,52,62,70,77.5,86,85,106
394306,"Albany, GA",GA,130.5,144,103,126,82,81,101,83,102,94,119,111
395193,"Vineland, NJ",NJ,116.5,115,113,96,123,99.5,113,111,103,118,119,107.5
394917,"Niles, MI",MI,105,102.5,133,103.5,67,64,67,73,73,79,79,91
394731,"Kahului, HI",HI,96,128.5,111,92,103,93,116,108,118,102,91,92
394946,"Ottawa, IL",IL,122,114,138.5,112,78,81,91,80,76,110,92,94
395125,"State College, PA",PA,82,98.5,116,64,64.5,75,69,68,92,75,82,79
394314,"Alexandria, LA",LA,99,129,101,95,107,87.5,83,80,98,77.5,93,122
394523,"Decatur, AL",AL,98.5,94,106,70,71,68,63,70,79,72,73,71
394662,"Hanford, CA",CA,92,73,63,67,65,66,70,65,70.5,69,84.5,70
394707,"Iowa City, IA",IA,105,142,98,83.5,89,84,78,71,73,77,84.5,98
395036,"Rocky Mount, NC",NC,122,129,130.5,102,104,74.5,94,81,92,83.5,87,122
394873,"Monroe, MI",MI,97,105,95,72,66.5,69,62,66,73,82,70,80
395223,"Wichita Falls, TX",TX,98,99,60,78,62,54,62.5,51,70,70,59,69
394428,"Burlington, NC",NC,90,97,78.5,62,63,63,61,59.5,59,65,63,78
394814,"Madera, CA",CA,122,108,84,85.5,87,72,71,84,83,79,84,93
394723,"Jefferson City, MO",MO,94,104,102,71,75,63,59,74,71,69,75,77
394453,"Chambersburg, PA",PA,110.5,112,118,91,82,80,87,82,70.5,86,90,85
394563,"Elizabethtown, KY",KY,100,111.5,107,75,89,62,72,66,75,82,79,92
395000,"Pottsville, PA",PA,,,,,,82,71,79,81,85.5,90,116
395221,"Wheeling, OH",OH,107.5,123,130,94,87.5,82,91,77,94,79,115,83.5
394598,"Florence, AL",AL,119,117,140.5,77,85,78,77,91,92.5,66,88,108
394639,"Grand Junction, CO",CO,77,88,66,58,56,56,54,64,63,66,66,72
394493,"Concord, NH",NH,100.5,129,86,63,69.5,63,60,70,68,65,69.5,78
394537,"Dothan, AL",AL,126,122,142,92,78,89,96,78,93,104,103,119
395066,"Santa Fe, NM",NM,119,99,113,74,58,66,65,69,78,80,82,91
394727,"Johnstown, PA",PA,,188,162,108,114,79,100,84,105,91,111,123
395163,"Traverse City, MI",MI,114,132,116,107,70,62,62,69,73,79,91,100
394671,"Hattiesburg, MS",MS,109,141,91,89,80,71,65,66,77,86,91,91.5
394515,"Dalton, GA",GA,98,75,99,79,70,80,63.5,85.5,79,75.5,71,93
394860,"Midland, TX",TX,74,70,54,52,52,59,53,56,62,72,74,79
394685,"Homosassa Springs, FL",FL,87,94,98,92,100,104,95,99,86,88,87,84
394351,"Auburn, AL",AL,90.5,65,67.5,63,69,65,82,57,72,63,73,74
395182,"Valdosta, GA",GA,118,111,88,80,86.5,77,72,80,80,89,98.5,108
394480,"Coeur d'Alene, ID",ID,97,89,65,58,49,55,53,59,59,62,68,68
395117,"Springfield, OH",OH,,100.5,98,65,61,57,57,62,61,69,75,79
395119,"St. George, UT",UT,79,84,71,66,74,65,70.5,83,63,64,60,82.5
395079,"Vero Beach, FL",FL,115,100,105,96,97,95.5,105,105.5,115,88.5,115,93
394930,"Odessa, TX",TX,69,60,59,62,54,53,54,55,68,65,79,66
394900,"Napa, CA",CA,110,73,87,65.5,49,54,58.5,67,72,74,74,95
394368,"Battle Creek, MI",MI,92,95,104,91,77,64,68,69,74,69,85,72
394719,"Jamestown, NY",NY,132,114,144,167.5,104,101.5,92,90,105.5,108.5,111,126
394577,"Eureka, CA",CA,86,99,80,83,65,66,68.5,72.5,69,77,78,95
395013,"Rapid City, SD",SD,92.5,87,64,65,59,60,61,61,60.5,71,64,85.5
394595,"Flagstaff, AZ",AZ,107,127,93,77,62,66,66,72,78,92.5,85.5,100
395215,"Wausau, WI",WI,117,116,78,72,68,66,63,72,61,63,66.5,83
394756,"La Crosse, WI",WI,66,79,71,60,56,59.5,54.5,59,62,58,60,78
394783,"Lebanon, PA",PA,86,99,87,73,64.5,67,67,68,69,65,78,75
394703,"Idaho Falls, ID",ID,78,57,53,47,47,44,46,46,50,52,57,58
395098,"Sierra Vista, AZ",AZ,145,110,105,65.5,75,81,70,75,76,89,104,92.5
394983,"Pittsfield, MA",MA,111,156,135,117.5,110,82,78,86,98,107.5,108,121
394780,"Lawton, OK",OK,133,133,134,160,116,113.5,104,90,96.5,104,83,101
394712,"Jackson, TN",TN,86.5,105,77,74.5,69,65,61,71.5,84,72,81,86
394879,"Morgantown, WV",WV,,,126,104,92,85,87,91,118.5,107,114.5,139
394633,"Glens Falls, NY",NY,160,168.5,137,174,90,119,85,98,110,119,135,112
395232,"Winchester, VA",VA,84,93.5,106,70,63,63,59,69,74,75,76.5,83
395120,"St. Joseph, MO",MO,89,111,82.5,84.5,62,56,57,57,69,76,77,69
394321,"Altoona, PA",PA,103,96.5,111,93,63,82,70,79,76,94,82,97
394905,"New Bern, NC",NC,88,96.5,88,69,72,70,65,74,94,89.5,96,89
394442,"Carbondale, IL",IL,161,182,210,160,151,113,106,127,125,124,151.5,119
394800,"Logan, ID",ID,85,79,58.5,55,54,51,48,55,56.5,62.5,68,68
394668,"Harrisonburg, VA",VA,101,147,113.5,81,74,64.5,64,78,71,67,93,90
394374,"Beckley, WV",WV,,,,,,,,99,99,121,90,132.5
394824,"Mansfield, OH",OH,90,106,75,62,55,53.5,61,52,62,71,76,69
395217,"Weirton, OH",OH,112,109,127,79,79,76,82,73,65,80,86,87
394635,"Goldsboro, NC",NC,134,120,88,85,94,76,88,79,81,75,86.5,97
394353,"Augusta, ME",ME,110,127,163,151,86.5,63,65,62,74,75,90,84
394661,"Hammond, LA",LA,124,104,98.5,86,89,92,94.5,92,102.5,108,112,126
394728,"Jonesboro, AR",AR,121,111,81,97,81,89,70,80,77,80,70,96
395094,"Sherman, TX",TX,91,76.5,92,65,64,81,69,57,76,84.5,79,78
394333,"Anniston, AL",AL,127,110,98,84,115,90,76,75,72,79,86,112.5
395128,"Staunton, VA",VA,100,81.5,83,87,58,64,70,75,74,74,84,80
394893,"Muncie, IN",IN,93,116,119,89,71,69,64,68,72,65,77,89
394890,"Mount Vernon, WA",WA,77,85,77,51,52,50,53,58,69,82,83,77.5
394307,"Albany, OR",OR,70,75,61,56,57,53,59,59,64,64,63,71.5
395213,"Watertown, NY",NY,194,138.5,177,188,140,101,92,101,125,148,127,150.5
395225,"Williamsport, PA",PA,108,115,122,122,93.5,83,70,90,95,101.5,103,104
394474,"Cleveland, TN",TN,92,80,75,80,65,61,63,64,70,72,76,85
395089,"Sheboygan, WI",WI,76.5,100.5,106,71,58,61,57.5,60,71,71,72.5,90
394390,"Bismarck, ND",ND,159,173,160,154.5,99,92,89,98.5,93,109,108,113
394546,"Dunn, NC",NC,92,102,86,63,75,65,68,75.5,71,74,79,83
395237,"Wooster, OH",OH,93.5,108,84.5,77,50,56.5,56,54.5,59.5,59,64,65
394734,"Kankakee, IL",IL,98.5,118,113,87,80,70,74,80,76,73.5,83,97
394423,"Brunswick, GA",GA,131,136,103,112,94,100,90,126,144,135,119,118
394932,"Ogdensburg, NY",NY,150,203,213.5,186.5,237,170.5,152,131.5,195,128.5,168,188.5
395054,"San Angelo, TX",TX,90,76,77,63,60,65,63,54,63,61,70,68
394857,"Michigan City, IN",IN,86,88,81.5,74,77.5,67,63,67.5,68,78,69,88
753890,"Holland, MI",MI,97,93,113,83,67,63,66,74.5,76,78,75,84
395218,"Wenatchee, WA",WA,100,100,91,75,58,61,66,67,77,80.5,78.5,98
394778,"Lawrence, KS",KS,97,79,79.5,54,52,62,57,65,64,66,64,67
394524,"Decatur, IL",IL,129,121,141,113,97,83,74,69,74,95,97.5,103
394867,"Missoula, MT",MT,105,113,117,74,66,58,59,64,63,70,79,83
753915,"Salem, OH",OH,117,105,141,104,85,68.5,72,79,79,75,89,99
394369,"Bay City, MI",MI,91.5,103,96,106,66,62,60,57,66,73,74,70.5
394788,"Lewiston, ME",ME,,98,105,85,61,69,53.5,60.5,66,66,73,73
395039,"Roseburg, OR",OR,105,92.5,80.5,88,69,69.5,81.5,84,76,85,78,94
395139,"Sumter, SC",SC,127.5,114.5,95,97,97,84,83,78,70,83,72,82
395095,"Show Low, AZ",AZ,138,131,126,124.5,65,62.5,72,93,87,98,106,109
394396,"Bluefield, WV",WV,167,204,163,187,120,136,132,137,177.5,140,132,138
394518,"Danville, VA",VA,184,218,141,170,139,88,126,108,122,100,112,125
394794,"Lima, OH",OH,106,98.5,72,72.5,65,50,63,71.5,62,73,66,79
394495,"Cookeville, TN",TN,105,94,109,91,70,79,77,67,67,69.5,93.5,85
753872,"California-Lexington Park, MD",MD,120,121.5,124,83,93,83,87,82,92,97,87,89
394620,"Gadsden, AL",AL,172.5,136,144,130,100,83,97,101,74,80.5,113,91
394513,"Cumberland, MD",MD,137,170,184,181,151,108,136,128,104,123,117,126.5
394804,"Longview, WA",WA,81,90.5,59,62,48,50,55,56,61,70,74,64
395222,"Whitewater, WI",WI,93,114.5,124,78,79,77,69,67,90,83,83,87
394599,"Fond du Lac, WI",WI,112,114,137,131,96,65,75,69.5,68,81,70,76.5
394709,"Ithaca, NY",NY,170,115.5,166,83,92,93,94,104,118,99,138,117.5
394340,"Ashtabula, OH",OH,,133,130,124,90.5,93,68,88,67,98,116,88
394630,"Gettysburg, PA",PA,108,120.5,132.5,120.5,63,67,77,89,83,98,103,91
394980,"Pine Bluff, AR",AR,,,,,110,86.5,103,81,113,80,99,117.5
395168,"Tullahoma, TN",TN,106,99,75,82,69,64,58,76,70,78,69,78
395173,"Twin Falls, ID",ID,88,71,68.5,72,64.5,70.5,67,63,59,64,70,83
394501,"Corning, NY",NY,,,,162,120,107,90.5,104,113,98.5,118,122
395080,"Sebring, FL",FL,72,80,95,90.5,86,84,95,83,73,80,76,85
395166,"Truckee, CA",CA,105.5,97,87,88,72,58.5,60,71,86,88,98,95
394953,"Paducah, KY",KY,115.5,116,116,82,89,108,66.5,77,68,96,88,90
394637,"Grand Forks, ND",ND,135.5,139,186,117,106,84,82.5,73,91.5,81,89,122
395090,"Shelby, NC",NC,93,127,92,88,79,76,64,73,75.5,62,79.5,83
394580,"Fairbanks, AK",AK,143,122,127,96,67,77.5,78,80,86,81,97,82
394928,"Ocean City, NJ",NJ,126,130,145,144,125,118,114,121,140,128,132,138
394823,"Mankato, MN",MN,108,153,137,94,80,70,70,75,67,73,87.5,93
395038,"Rome, GA",GA,71.5,75,53,76.5,56,63,56,65.5,72.5,86,69,82
394441,"Cape Girardeau, MO",MO,122.5,118,116,75,82,68,73,80,75.5,68,92,90
394689,"Hot Springs, AR",AR,129,125,142,95,75,82,73,79,71.5,91,96,98.5
394655,"Greenwood, SC",SC,129,132,74,81.5,82,74,84,65.5,78,85,75,103
394469,"Clarksburg, WV",WV,97,140,146.5,134.5,94,88,69.5,62,84,110,78,77
395190,"Victoria, TX",TX,105,103.5,75,69,71,61,59.5,71,73,87.5,110,99
395145,"Talladega, AL",AL,118,97,110,72,101,116.5,74,82,85,96.5,117,98
394542,"Dubuque, IA",IA,94,101,101,88,60,63,60,61,58.5,72,63,78
395153,"The Villages, FL",FL,81,92,97,84,90,93,91,78,76,68,73,71
394821,"Manhattan, KS",KS,,,96,76,95,77,94,108,116,82,94,111
394964,"Parkersburg, WV",WV,110,101.5,114,96,74,64,73,76,75,76.5,79.5,100
394911,"New Philadelphia, OH",OH,76,100,93,58,56,55,64,53,60.5,63,69,70
394942,"Orangeburg, SC",SC,,189,126.5,139,175,120,174,113.5,130,194,159,153
394462,"Cheyenne, WY",WY,77,86,52,50,56,53,47,49,51,50,55,64
394907,"New Castle, PA",PA,133,137,167,161,94,87,98,96,112,114,101.5,131
394410,"Brainerd, MN",MN,,,,89,75,62,64,74.5,73,79,83.5,94
394733,"Kalispell, MT",MT,119,136,134,79.5,76,61,69,73,99,102,109.5,130
395086,"Sevierville, TN",TN,87.5,111,76,78,96,76.5,76,77,86,75,73.5,82
394325,"Ames, IA",IA,,,78.5,101,86.5,79,77,70.5,75,86,104,103
394407,"Bozeman, MT",MT,115,99,90,85,72,69,64,67,74,84,83,93
394882,"Moses Lake, WA",WA,86,115,122,105,71.5,65,70,86,77,63,72,92
394704,"Indiana, PA",PA,120.5,180,172,185,140,148,111,121,90,117,124,138
394568,"Elmira, NY",NY,129,121,169,141,98,109,96,99,122,112,111,96
394373,"Beaver Dam, WI",WI,125.5,150,145,73,76,69.5,75,69,69,75,78,75
753912,"Pinehurst-Southern Pines, NC",NC,121,152,113,89,78,81,76,89.5,112,98,89,102
395175,"Ukiah, CA",CA,100.5,130,123,134.5,81,65.5,71,85,90,91,106,119
753887,"Hermiston-Pendleton, OR",OR,78,79,85,70.5,87.5,74.5,78,70,90,99.5,89.5,88
394809,"Lufkin, TX",TX,99,133,102,76,71,80,96,87,66,56,69,84
394395,"Bloomsburg, PA",PA,,,,,98,90,98.5,90,78,100,112,146
395042,"Russellville, AR",AR,140,102.5,56,56,75.5,81,79,63,75,84,86,79
394411,"Branson, MO",MO,119,127,113,123,83.5,84,81,88,98,90,97,92
395212,"Watertown, WI",WI,98,102,97,83,65,69,69,59.5,68,66,80,91
394859,"Midland, MI",MI,98,106,63,57,50,54,55,58,55,56,68,77
394988,"Pocatello, ID",ID,58,76,54.5,50,55.5,52,48,54,46,52,59,58
394755,"Kokomo, IN",IN,,,75,85.5,69.5,51,49,63.5,53.5,48.5,50,69
394641,"Grants Pass, OR",OR,122,110,81,105.5,85,65,72,86,84,90,74,91.5
394699,"Huntsville, TX",TX,126,141.5,95,92,92.5,69,81.5,83,81,105,110,112
394986,"Plattsburgh, NY",NY,142,115,165,150,86,78,85,90,87.5,100,111.5,148
394638,"Grand Island, NE",NE,88,96.5,68,72.5,60,51,69,60,73,74,66,76
394541,"DuBois, PA",PA,,120,147,166,137,109,105.5,94,86,99,104,126
394516,"Danville, IL",IL,,,145,151,105,99,84,98,99,114,106,120
394822,"Manitowoc, WI",WI,88,122,84,76,70,69,63.5,66.5,63,70,72,78.5
394644,"Great Falls, MT",MT,81,101,111,66,63,63,62,66,78,74,83,87.5
395231,"Wilson, NC",NC,114,83,72,94,61,74.5,62,72,97,81,51,73
394511,"Cullman, AL",AL,123.5,107.5,100,136,68,81,91,90,79,94,109,118.5
394350,"Auburn, NY",NY,126,117,119,136,93,79,82,102,102,124,122,106
394345,"Athens, TX",TX,128,121,94,123,78.5,74,78.5,85,87,77,84,107
394925,"Oak Harbor, WA",WA,101,90.5,62,64,56.5,56,56,60,63.5,75,84,78
394682,"Hinesville, GA",GA,100,78,91,76,93,97,88,86,99,84.5,79,91
395205,"Warsaw, IN",IN,80,73,107,61,51,60,68,64,62,66,66,77
395010,"Quincy, IL",IL,94,95,125,128,101,78,81,66,75,84,71,72
394738,"Keene, NH",NH,95,124,139,107,71,69,65,71,76,83,89,116
395062,"Sandusky, OH",OH,,117,117,100,92,83,81,72,86,85,82.5,73
394489,"Columbus, IN",IN,81,83,72,54,57,53,55,55,50,51,55.5,68
394452,"Centralia, WA",WA,91,116,97,71.5,65.5,62.5,61,70,63,76,81,81
394445,"Casper, WY",WY,95,110.5,92,60,71,71,61,60,59.5,69,74,78
394675,"Helena, MT",MT,115,112,85,66,73,62,59,62,69,67,96,91
394593,"Findlay, OH",OH,86,106,58,69,57,64.5,56.5,68,62,62,57,82
753928,"Wisconsin Rapids-Marshfield, WI",WI,109,95.5,136,105,76,67,64.5,56,66,77.5,63,76.5
395085,"Seneca, SC",SC,134,115,91,93,89,88,85,101.5,90,88,102,97.5
753881,"Glenwood Springs, CO",CO,127,151,148,116,87,79,71,79,94,112.5,120,131
394744,"Key West, FL",FL,148,116,146.5,162,141,146.5,186,160,149,172.5,188,164
394298,"Aberdeen, WA",WA,89.5,129,95,74,64,63,63,69,76,81,93,84
394994,"Port Angeles, WA",WA,90,79,108.5,94,54,67.5,56,66,63,75,67.5,90
753883,"Greenfield Town, MA",MA,,122,123.5,93,88,71,75,82,94,108,101,86
786258,"Fort Payne, AL",AL,,,,,,,,70,89,75,109,111
394614,"Frankfort, KY",KY,83,82,77.5,85,62,64.5,53,56,57,62.5,66,62
394950,"Owosso, MI",MI,106.5,74.5,66,70.5,63,62,60.5,56,63,64,65,73.5
395126,"Statesboro, GA",GA,122,106,126,83,80,88,79,72,85,107.5,107,83
394826,"Marion, IN",IN,,,,,,,,67,75,104,74.5,76.5
395132,"Stevens Point, WI",WI,80,117.5,59,61,70.5,58,54.5,56.5,63.5,67,57.5,65
394866,"Minot, ND",ND,105,126.5,123,139,118,92,88.5,78,80,92,108,82
395088,"Shawnee, OK",OK,102,101.5,132,98,97,75,67,74,73,81,82,79
394922,"North Wilkesboro, NC",NC,,,,,69,78,71.5,90.5,89.5,77,92,89.5
395021,"Richmond, IN",IN,107,127,117,145,91,76.5,88,84,76,84,120,109
394647,"Greeneville, TN",TN,,,,,,,113,78,74,92,98,109
394836,"Martinsville, VA",VA,142,184,134,154.5,152,119,115,110,119,112,113.5,167
394600,"Forest City, NC",NC,138.5,111.5,118,92,86,85,91,111,99.5,120,98,112
394829,"Marquette, MI",MI,,,,,,,66,64,75,89,81,106
394762,"LaGrange, GA",GA,87,113,81,82,65,73,85.5,78,63,69,86.5,91
394877,"Morehead City, NC",NC,171,198,210,140,105,84,99,86,94,93,104,133
394752,"Klamath Falls, OR",OR,115.5,109,122,94,77.5,67,75,68,83,83,101,139
394825,"Marinette, WI",WI,148.5,131,129,95.5,132,82.5,76,86.5,110.5,94,98,84
395040,"Roswell, NM",NM,,,,93.5,101.5,98,83,73,71,98.5,98,99.5
394832,"Marshall, TX",TX,,136,109,98,74,104,104,81,91,85,94,87
394587,"Farmington, MO",MO,,,95.5,84,78,70.5,67,60,66.5,82,84,84.5
394456,"Charleston, IL",IL,,167,151,132,100,84,80.5,85,105.5,110,90,101
394683,"Hobbs, NM",NM,,,68,77,63,57,83,67,82,92,73,80
394472,"Clearlake, CA",CA,151.5,122,130,112,94,78.5,96,94,114.5,117,125,117
394701,"Hutchinson, KS",KS,,,,78,74,73,55,66,67.5,68.5,85.5,77
753891,"Ionia, MI",MI,71,83,74,70,51,51,52,51,70,63.5,79.5,77
394305,"Alamogordo, NM",NM,,,,88,129,95,84,89,127,91,115,135
395016,"Red Bluff, CA",CA,96.5,94,95,67,77,76,68,80,106,101,86,100
394693,"Hudson, NY",NY,130,191.5,203.5,281,202,252,168,133,123.5,157,193,167
395105,"Somerset, KY",KY,114.5,96,96,93.5,89.5,77.5,92,114.5,114,107,109,130.5
394496,"Coos Bay, OR",OR,95.5,91,105,72,88,82.5,66,67,73,102,74,91
395199,"Walla Walla, WA",WA,,,72,105,94,68,64,70.5,63,84,82,77
395071,"Sayre, PA",PA,,,,,,,109,119,113.5,140,157,129
394605,"Fort Madison, IA",IA,169,138,183,139,86,84,91,116,92,84,84,82
394360,"Baraboo, WI",WI,,,,,,73,70,70,59,74.5,80,80
753903,"Marietta, OH",OH,85,108,94,83.5,65.5,77,69,71,70,73,63,90
395049,"Salina, KS",KS,94,91,66.5,54.5,64,55,54,57,57,63,70,77
395044,"Rutland, VT",VT,152,125,145,190,168,159,97.5,119,126,120,108,148.5
395136,"Sturgis, MI",MI,85,89,111,113,64,63,76,60,78,73,83.5,86.5
394618,"Fremont, OH",OH,75,102.5,75,61.5,77.5,50.5,64,88,63,62,82,94
394889,"Mount Vernon, OH",OH,88,78,69,56,51.5,64,62,55,57,77,60,86
394787,"Lewiston, ID",ID,81,61,85,57,66.5,53,57,61,70,71,73,77
395092,"Shelton, WA",WA,74,85,79.5,62,48,48,58.5,63,60,60,61,86
394309,"Albemarle, NC",NC,122,112.5,73,67.5,66,85,89,80,81,67,73,97
753893,"Jefferson, GA",GA,99,111,92,70,65,78,81,75,68,78,98,102
394629,"Georgetown, SC",SC,131,133,141,135,111,120,93.5,125,141,136,151,106
394759,"Laconia, NH",NH,116,124,142.5,88,77,70,59,78,78.5,82,85.5,72
394365,"Batavia, NY",NY,147,128,97,77,75,85.5,83,79,92,76.5,85,91
753910,"Oxford, NC",NC,,,,,58,54,65,77,77,77,69,84
394923,"Norwalk, OH",OH,105,92,101,91,93,72,72,63,87,103,107,99.5
394362,"Barre, VT",VT,147,134,145,179,130,88,81,77,77,110,88,90
394956,"Palestine, TX",TX,,,,,,104,75,66,75,63,82,101
394989,"Point Pleasant, WV",WV,,,,,,,,99,131,134,93,82.5
395063,"Sanford, NC",NC,93.5,100,79,67,63,61,62.5,78.5,71,64,72,101
394591,"Fergus Falls, MN",MN,,,,,,66,62,70,82,87,70,99
394582,"Fairmont, WV",WV,,157.5,124,88,78,81,94,87,74,96,87,74.5
394509,"Crossville, TN",TN,126,122,136,82,85,75,68.5,88,89,83,68,85
394977,"Picayune, MS",MS,134,111,146,122.5,107,98,79,77,102,92,67,92
394634,"Gloversville, NY",NY,,,,245,187.5,219,141.5,112,108,140,143,167
753920,"Sonora, CA",CA,95.5,121.5,117,76,75,60,57,76,96,108.5,111.5,128
394621,"Gaffney, SC",SC,,,95,128,75.5,78.5,81,72,91,91,126,97
394444,"Carson City, NV",NV,,64.5,71,55,56,57,53,61,77,74,70,63
394432,"Calhoun, GA",GA,,,,,61,81,72,68,72,85,70.5,82
394933,"Oil City, PA",PA,,,,,,,154,106,110,152,123,130
394721,"Jasper, IN",IN,93,79,86,83,85,65,59,61,85,93,101,97
394940,"Ontario, OR",OR,104,86.5,66,63,52.5,67,62,59,77.5,65,56.5,77
394443,"Carlsbad, NM",NM,,,,,,,,94,77.5,91,99.5,121.5
394967,"Payson, AZ",AZ,168,91,82,98,63.5,70,88,90,91,93.5,94,102.5
395073,"Scottsboro, AL",AL,144,114.5,77,110,163,112,90,91,93.5,121,107,108.5
394517,"Danville, KY",KY,,109,105,74.5,84,92,84,72,95,84,100,92
394339,"Ashland, OH",OH,79,81,107,81,64,58.5,63,56,58,59,69,87
394652,"Greenville, OH",OH,121.5,99,113,90,87,52,58,73,84,63.5,90,77
395204,"Warrensburg, MO",MO,74,105,61,63,69,73,63,59,65,78,77,80
394604,"Fort Leonard Wood, MO",MO,,154.5,169,97,105,86,97,84,102,89,125.5,118
394344,"Athens, TN",TN,,,,,97.5,81,96,76,85,82,67.5,94
394556,"Edwards, CO",CO,173,121.5,138.5,117,131,133,79,80,97,106.5,125,161
394592,"Fernley, NV",NV,86,81,80.5,86,57,72,62,79,73,70,83,104
394838,"Mason City, IA",IA,85,105,137,158,96,86.5,79,89.5,91,102,84,105
395234,"Winona, MN",MN,128.5,110,141,96,103,75,66,63,58.5,72,77,86
394547,"Durango, CO",CO,148,140,106,129,90,79,71,89,104,118,116,151
394985,"Platteville, WI",WI,,,,,,60,81.5,73,84,86.5,93,101
394402,"Boone, NC",NC,,,,,,66,77,86,89,125,114,158
394566,"Elko, NV",NV,,,137,74,68,72.5,84,86,100,101,92,124.5
753911,"Ozark, AL",AL,,,,,,142,122.5,109.5,95,99,110,102
394571,"Enterprise, AL",AL,159,168,122,104.5,100,99,88,87,98,118,120,118
394742,"Kerrville, TX",TX,66.5,99,71,79,66,67,72,78,74,79,104,93.5
394906,"New Castle, IN",IN,78,92,91.5,69,67,62,69,61,69,78,67,82
395097,"Sidney, OH",OH,96,83,112.5,66,64,75,57.5,85,70,86,80,109
394504,"Cortland, NY",NY,,,,,,,95,98,99.5,102,122,97
394919,"Norfolk, NE",NE,63.5,74,98,122,85,56.5,67,54,66.5,67.5,92.5,70
395208,"Washington, NC",NC,159,167,108,104,126,78,106,121.5,108,92.5,107,125
394503,"Corsicana, TX",TX,,,,,,,63,72,73,101,61,65.5
394616,"Freeport, IL",IL,,121,132.5,146,103.5,77.5,100,78.5,76.5,87,94,86
394427,"Burlington, IA",IA,146.5,163,126,153,128,88,98,114,90,88,96,106
394431,"Cadillac, MI",MI,,,,,,56,68.5,62,74.5,80,96.5,78
394951,"Oxford, MS",MS,130,143,160,100,107,109,109.5,107,108,129,158,164.5
394987,"Plymouth, IN",IN,,,,,,98,82,78,75,84,92,87
394628,"Gardnerville Ranchos, NV",NV,104,102,98,84,70,59.5,70,65.5,80,81,85,90.5
394437,"Cañon City, CO",CO,84,115.5,77,57,60,61,50,74,69,84,70,90
753889,"Hillsdale, MI",MI,102.5,122,107,100,79,77.5,80,72.5,68,73,82.5,95
394789,"Lewistown, PA",PA,,99,89,118,104,119,77,107.5,71,93.5,68,75
395034,"Rockingham, NC",NC,94,95,65,78.5,99,68,85,88,83,88,53,77.5
395017,"Red Wing, MN",MN,106,140,119,80,72,59.5,58.5,67,69,88,61,88
394446,"Cedar City, UT",UT,110,123,83,99,94,62.5,72,90,69,99.5,77,84
394375,"Bedford, IN",IN,81,98,112,92,82,77,78,68,64,63,75,77
753905,"Newport, OR",OR,150,98.5,92,125,92,83.5,82,108,93,115,106.5,120
394842,"McAlester, OK",OK,147,142,124,136,128,157,138,97,138.5,133,103,101
394883,"Moultrie, GA",GA,,160,160,128,112,151,188,102,100,94,129,151.5
395037,"Rolla, MO",MO,118,104,101,93,99,75,72.5,91,78,73.5,104,100
395091,"Shelbyville, TN",TN,81,99,91,74,62,56,60,81,61,60.5,76,71
394545,"Duncan, OK",OK,166,132,165,142,118,108,146,122,129.5,98,107,151
395008,"Pullman, WA",WA,,,84,65,58,69,71,76,68,94,89.5,84
394379,"Bemidji, MN",MN,118,96.5,123,86,105,67,73.5,65.5,87,77,88,117
394947,"Ottumwa, IA",IA,114.5,94,118,90.5,69,58,81,88,92.5,75,88,96
394954,"Pahrump, NV",NV,196,111.5,113,102,99.5,135,103,119,119.5,104,98,103
394850,"Menomonie, WI",WI,,,,,,48.5,64.5,66,73,73,64,89
395032,"Rock Springs, WY",WY,,,,,,114,70,86.5,71,77,79,73
753865,"Bardstown, KY",KY,67,71,72,82,80,78,69.5,68,76,83.5,71,85
394426,"Burley, ID",ID,,,,,,78.5,56,68,61.5,91,86.5,95
394384,"Big Rapids, MI",MI,,152,130,145.5,96.5,81,70,83,102,90.5,107.5,128.5
394993,"Poplar Bluff, MO",MO,,,,,,,108,92,100,107,103,96
394895,"Muscatine, IA",IA,,98,125.5,129,88,77,60,75,76,72,90,79
394319,"Alma, MI",MI,77,110.5,122,110,86,70,57,82.5,105,74,90,87
394548,"Durant, OK",OK,112,99.5,85,71,69,77,72,79,89,77,114,94
395087,"Seymour, IN",IN,80,112,95,62,55,57.5,56,48,63,56,66,60
395228,"Willmar, MN",MN,,,,,,,63,76,72,67,85,99
394349,"Auburn, IN",IN,72,64,89.5,64,46,47.5,48,53,54,70.5,73,73
394961,"Paragould, AR",AR,,,,,72,70,73,66,71,73,82,87
395230,"Wilmington, OH",OH,98,72,87,102,57,56,65,63.5,81,56,67,75
394779,"Lawrenceburg, TN",TN,,,,,,,,99,78.5,96,94,87
394560,"El Dorado, AR",AR,134,130.5,96,65,82,85,90,87,73.5,76,77,91
753913,"Port Clinton, OH",OH,129,140,87,107,99,73,64,87,82,79,114.5,94
394558,"El Campo, TX",TX,,,,,,102,102.5,93,91.5,134,167,109.5
394876,"Montrose, CO",CO,95,68,59,81,90,61,69,65,86,95,115,80.5
394567,"Ellensburg, WA",WA,113,154,135,94,49.5,53,61.5,60,73,77,76,86
394627,"Garden City, KS",KS,,79,78,110,55,68.5,66,64,81,76,55.5,69
394833,"Marshalltown, IA",IA,,,,,,57,68,59,74,57,53,70
394297,"Aberdeen, SD",SD,111,119,146,106,73,76,76.5,76.5,83,91.5,91,88.5
753877,"Cullowhee, NC",NC,137,194,206,192,129,72.5,85,106,139,149,181,183
395026,"Riverton, WY",WY,,,180.5,161,109,124.5,74.5,84,94,113,144,147
395178,"Urbana, OH",OH,,,,84,77.5,66,61,72,84,70,87,95
394934,"Okeechobee, FL",FL,,,,,,,106,76,58,77,113,115.5
394845,"McMinnville, TN",TN,78,87,93,63,61,74,84,71,67.5,63,77,76
394799,"Lock Haven, PA",PA,,,,151,119,79,113,97,86,98,144,101
394354,"Austin, MN",MN,72,100,80,64,62,60,71,54,53,65,70.5,75
394526,"Defiance, OH",OH,,,,,67,50,50,59,63,84,63.5,57
395072,"Scottsbluff, NE",NE,125,134,150,91.5,99,70,84.5,76,89,84,103,92
394690,"Houghton, MI",MI,,,,,,,59,73,85,107.5,96,139
395192,"Vincennes, IN",IN,,,,,,,,63,81,81,81,76
394624,"Gainesville, TX",TX,98.5,89,73,80,99,117,88.5,78,89,106,66,73
394550,"Dyersburg, TN",TN,,,,,,,117,115,104.5,121,90,113.5
394745,"Kill Devil Hills, NC",NC,149,140,129,136.5,104,105,148,130.5,155,161,114,133
394507,"Crawfordsville, IN",IN,98,106,104,93,50.5,62.5,62,55,74,62,68,72
394603,"Fort Dodge, IA",IA,82,104,143,101,146.5,89,77,72,69,87.5,72,105
395129,"Stephenville, TX",TX,,,,,52,62.5,49,64,65,82,55,69
394300,"Ada, OK",OK,,,,,,,,83.5,97,123,79,104.5
394881,"Moscow, ID",ID,98.5,68,86,59.5,61.5,56,55,60,81,63,66,74
395046,"Safford, AZ",AZ,103.5,144.5,115,123,71,90.5,135,93,62,70.5,91.5,110
394696,"Huntington, IN",IN,,99.5,101.5,69,61,66,57,72,61,69,62,73
394840,"Mayfield, KY",KY,,142,124,70.5,54.5,56,83,88,80,79,95,84
394341,"Astoria, OR",OR,120,136,115,115,65.5,86,76,79,94,99.5,112,134
394973,"Peru, IN",IN,97,102,76,110,115,67,53,73.5,73,70,67,91
394506,"Coshocton, OH",OH,135,142.5,77.5,87,90,96,88,77,86.5,87,72,89.5
394370,"Bay City, TX",TX,,,,,,,,162,141,170.5,217,164
394617,"Fremont, NE",NE,72,97,138,75,53,70,54.5,47.5,60,56,66.5,76
394702,"Hutchinson, MN",MN,,,,,54,60,59,58,70,64,71,77
753922,"Summit Park, UT",UT,119,152.5,129,159,99,102,85,111,102,125,157,196
753864,"Arkansas City-Winfield, KS",KS,,,,,,,,72.5,79,104,58,73
394385,"Big Spring, TX",TX,71,88,58,66,92,62,56,57,68,90,64.5,73
394777,"Laurinburg, NC",NC,136,157.5,168,87,113,93,125,111,68,93,95,112
394535,"Dixon, IL",IL,,,,,,83,88,74,67,74.5,86.5,102.5
394781,"Lebanon, MO",MO,,,,,61,59.5,70,70,86,63,67,98
395084,"Seneca Falls, NY",NY,127,154.5,173.5,167,143,93,93,98,82,116,128,124
395137,"Sulphur Springs, TX",TX,,,106,79,66,70,55,72,54.5,69.5,67,68
394335,"Arcadia, FL",FL,,,,,,,,111,84,80,104,84
394525,"Decatur, IN",IN,,,,,,,66,75,58,64,72,84
395184,"Valley, AL",AL,,,,,,,,84,96,86,93,77
394331,"Angola, IN",IN,147,93,134,143,80,88,112.5,89,100,100.5,120,98
786262,"Pella, IA",IA,,129,90,100.5,57,74.5,54,78,55,75,69.5,75
394613,"Frankfort, IN",IN,73,87,72,92,59,63,55.5,56,49,69.5,68,69
394414,"Brevard, NC",NC,,,,,,84,71,102,121,109,119,127
395196,"Wabash, IN",IN,,,,,,89.5,48.5,56,76,73,108,100
394433,"Cambridge, MD",MD,105,124,157.5,120,73,87,124.5,123,161,191.5,127.5,132
394855,"Miami, OK",OK,,,,,,151.5,129,103.5,96,81,116.5,110.5
753878,"Dayton, TN",TN,,,,,,,,142,111,76,83,118
394713,"Jackson, WY",WY,,,,109,61,72,79,78,79,107,82,102
394310,"Albert Lea, MN",MN,105,109.5,86.5,91,62,62.5,70.5,71,61,68.5,72,80
394708,"Iron Mountain, MI",MI,,,,,,87,91,85.5,94,95,87,122
394795,"Lincoln, IL",IL,,,,137,123,79,86,113,119,91,118,107
394320,"Alpena, MI",MI,123,111,119,130,112,90,58,63,59,66.5,81,105
395100,"Silver City, NM",NM,,,,,92.5,125.5,150,164,90.5,126,146,129
394846,"McPherson, KS",KS,,,130,76,94,81,76,91.5,65,90,109,68
395093,"Sheridan, WY",WY,,111,74,71,93,68.5,71.5,69,66,59,88.5,86
395206,"Washington Court House, OH",OH,,,,74,64,82,59,68,87,76,53.5,79.5
394853,"Merrill, WI",WI,,,,,133,87,55.5,78,96,116,118,142
394921,"North Vernon, IN",IN,,,,,53,56,56,64,73,66,68,98
394606,"Fort Morgan, CO",CO,,,,,,68.5,67,80,95,68,73,84
753871,"Breckenridge, CO",CO,,,,,68,77,61,77.5,89,102,108,143
395154,"Thomaston, GA",GA,,,,,,,112,85,80,113,128,97
394892,"Mountain Home, ID",ID,59,55,42,46,52,44,45.5,53,60,58,66,65
753909,"Ottawa, KS",KS,,,,,69,76,73,59.5,57.5,56,65.5,66
394830,"Marshall, MN",MN,,,,,,79,85,74,70,100.5,128,91
394584,"Fallon, NV",NV,,,95,116,121,66,84,72,77,84,98,95
394533,"Dickinson, ND",ND,129.5,154,174,165,127.5,82.5,79,90,77.5,76,69,98
394674,"Heber, UT",UT,,,,,,83.5,55,67,84,113,76,105.5
753921,"Steamboat Springs, CO",CO,,,,,118,81,67,89,98,111,135,147
394831,"Marshall, MO",MO,,,,,,,,87,130,119,91,80
395130,"Sterling, CO",CO,,,,71,63,83.5,69.5,79,88.5,94,69,74
394418,"Brookings, OR",OR,,161,153,86,117,100.5,98.5,108,153.5,130,121,143
394965,"Parsons, KS",KS,,,,,,,,133,98,92,104,78.5
394979,"Pierre, SD",SD,,122,165,143.5,103,67.5,88,95,86,99,103.5,96
394578,"Evanston, WY",WY,,,158,100,83,59,64,69,94,99,133,121.5
395004,"Prineville, OR",OR,115,141,143,93,78,71,73,77,88,113,114,97
786263,"Ruidoso, NM",NM,,,87.5,113,93,93,91,132.5,107,116,140,161
394805,"Los Alamos, NM",NM,54,68,45,49,40,44,44,42.5,46.5,49,46,47
395111,"Spencer, IA",IA,,,,115,75,62,68,59,64.5,61,73,76.5
